,Income,Start,End,M,P,M,O,Att,Prop,#,Amount
01 May 2024,+0.00213 ETH,32.00639 ETH,32.00852 ETH,0,0,0,0,1,10,1,32
30 Apr 2024,+0.00211 ETH,32.00427 ETH,32.00638 ETH,0,0,0,0,1,10,2,32
29 Apr 2024,+0.00214 ETH,32.00213 ETH,32.00426 ETH,0,0,0,0,1,10,3,32
28 Apr 2024,+0.00212 ETH,32.01845 ETH,32.00212 ETH,0,0,0,0,1,10,4,32
27 Apr 2024,+0.00213 ETH,32.01632 ETH,32.01844 ETH,0,0,0,0,0,0,5,32
26 Apr 2024,+0.00213 ETH,32.01419 ETH,32.01631 ETH,0,0,0,0,0,0,0,32
25 Apr 2024,+0.00214 ETH,32.01205 ETH,32.01418 ETH,0,0,0,0,0,0,0,32
24 Apr 2024,+0.00212 ETH,32.00992 ETH,32.01204 ETH,0,0,0,0,0,0,0,32
23 Apr 2024,+0.00215 ETH,32.00777 ETH,32.00991 ETH,0,0,0,0,0,0,0,32
22 Apr 2024,+0.00213 ETH,32.00563 ETH,32.00776 ETH,0,0,0,0,0,0,0,32
21 Apr 2024,+0.00213 ETH,32.0035 ETH,32.00563 ETH,0,0,0,0,0,0,0,32
20 Apr 2024,+0.00214 ETH,32.00136 ETH,32.00349 ETH,0,0,0,0,0,0,0,32
19 Apr 2024,+0.00215 ETH,32.01762 ETH,32.00135 ETH,0,0,0,0,0,0,0,32
18 Apr 2024,+0.00214 ETH,32.01547 ETH,32.01761 ETH,0,0,0,0,0,0,0,32
17 Apr 2024,+0.00215 ETH,32.01332 ETH,32.01546 ETH,0,0,0,0,0,0,0,32
16 Apr 2024,+0.00215 ETH,32.01116 ETH,32.01331 ETH,0,0,0,0,0,0,0,32
15 Apr 2024,+0.00214 ETH,32.00901 ETH,32.01115 ETH,0,0,0,0,0,0,0,32
14 Apr 2024,+0.00213 ETH,32.00688 ETH,32.009 ETH,1,0,0,0,0,0,0,32
13 Apr 2024,+0.00213 ETH,32.00474 ETH,32.00687 ETH,0,0,0,0,0,0,0,32
12 Apr 2024,+0.00212 ETH,32.00262 ETH,32.00473 ETH,0,0,0,0,0,0,0,32
11 Apr 2024,+0.00215 ETH,32.00046 ETH,32.00261 ETH,0,0,0,0,0,0,0,32
10 Apr 2024,+0.00213 ETH,32.01668 ETH,32.00045 ETH,1,0,0,0,0,0,0,32
09 Apr 2024,+0.00212 ETH,32.01456 ETH,32.01667 ETH,1,0,0,0,0,0,0,32
08 Apr 2024,+0.00215 ETH,32.01241 ETH,32.01455 ETH,0,0,0,0,0,0,0,32
07 Apr 2024,+0.00215 ETH,32.01025 ETH,32.0124 ETH,0,0,0,0,0,0,0,32
06 Apr 2024,+0.00213 ETH,32.00811 ETH,32.01024 ETH,0,0,0,0,0,0,0,32
05 Apr 2024,+0.00214 ETH,32.00597 ETH,32.0081 ETH,0,0,0,0,0,0,0,0 ETH
04 Apr 2024,+0.00213 ETH,32.00384 ETH,32.00596 ETH,0,0,0,0,0,0,0,0 ETH
03 Apr 2024,+0.00213 ETH,32.0017 ETH,32.00383 ETH,0,0,0,0,0,0,0,0 ETH
02 Apr 2024,+0.00210 ETH,32.01793 ETH,32.00169 ETH,1,0,0,0,0,0,0,0 ETH
01 Apr 2024,+0.00214 ETH,32.01579 ETH,32.01792 ETH,0,0,0,0,0,0,0,0 ETH
31 Mar 2024,+0.00208 ETH,32.0137 ETH,32.01578 ETH,0,0,0,0,0,0,0,0 ETH
30 Mar 2024,+0.00214 ETH,32.01155 ETH,32.01369 ETH,0,0,0,0,0,0,0,0 ETH
29 Mar 2024,+0.00214 ETH,32.00941 ETH,32.01154 ETH,0,0,0,0,0,0,0,0 ETH
28 Mar 2024,+0.00208 ETH,32.00732 ETH,32.0094 ETH,0,0,0,0,0,0,0,0 ETH
27 Mar 2024,+0.00209 ETH,32.00523 ETH,32.00731 ETH,0,0,0,0,0,0,0,0 ETH
26 Mar 2024,+0.00209 ETH,32.00314 ETH,32.00522 ETH,1,0,0,0,0,0,0,0 ETH
25 Mar 2024,+0.00214 ETH,32.00099 ETH,32.00313 ETH,0,0,0,0,0,0,0,0 ETH
24 Mar 2024,+0.00213 ETH,32.01726 ETH,32.00098 ETH,0,0,0,0,0,0,0,0 ETH
23 Mar 2024,+0.00211 ETH,32.01514 ETH,32.01725 ETH,0,0,0,0,0,0,0,0 ETH
22 Mar 2024,+0.00214 ETH,32.013 ETH,32.01513 ETH,0,0,0,0,0,0,0,0 ETH
21 Mar 2024,+0.00213 ETH,32.01087 ETH,32.01299 ETH,0,0,0,0,0,0,0,0 ETH
20 Mar 2024,+0.00213 ETH,32.00873 ETH,32.01086 ETH,0,0,0,0,0,0,0,0 ETH
19 Mar 2024,+0.00215 ETH,32.00657 ETH,32.00872 ETH,0,0,0,0,0,0,0,0 ETH
18 Mar 2024,+0.00214 ETH,32.00443 ETH,32.00656 ETH,0,0,0,0,0,0,0,0 ETH
17 Mar 2024,+0.00211 ETH,32.00231 ETH,32.00442 ETH,0,0,0,0,0,0,0,0 ETH
16 Mar 2024,+0.00215 ETH,32.00016 ETH,32.00231 ETH,0,0,0,0,0,0,0,0 ETH
15 Mar 2024,+0.00215 ETH,32.0164 ETH,32.00015 ETH,0,0,0,0,0,0,0,0 ETH
14 Mar 2024,+0.00212 ETH,32.01428 ETH,32.01639 ETH,0,0,0,0,0,0,0,0 ETH
13 Mar 2024,+0.00210 ETH,32.01218 ETH,32.01427 ETH,1,0,0,0,0,0,0,0 ETH
12 Mar 2024,+0.00208 ETH,32.01009 ETH,32.01217 ETH,4,0,0,0,0,0,0,0 ETH
11 Mar 2024,+0.00215 ETH,32.00793 ETH,32.01008 ETH,0,0,0,0,0,0,0,0 ETH
10 Mar 2024,+0.00216 ETH,32.00576 ETH,32.00792 ETH,0,0,0,0,0,0,0,0 ETH
09 Mar 2024,+0.00216 ETH,32.0036 ETH,32.00575 ETH,0,0,0,0,0,0,0,0 ETH
08 Mar 2024,+0.00213 ETH,32.00147 ETH,32.00359 ETH,0,0,0,0,0,0,0,0 ETH
07 Mar 2024,+0.00214 ETH,32.01775 ETH,32.00146 ETH,1,0,0,0,0,0,0,0 ETH
06 Mar 2024,+0.00216 ETH,32.01559 ETH,32.01774 ETH,0,0,0,0,0,0,0,0 ETH
05 Mar 2024,+0.00216 ETH,32.01342 ETH,32.01558 ETH,0,0,0,0,0,0,0,0 ETH
04 Mar 2024,+0.00217 ETH,32.01124 ETH,32.01341 ETH,0,0,0,0,0,0,0,0 ETH
03 Mar 2024,+0.00215 ETH,32.00908 ETH,32.01123 ETH,0,0,0,0,0,0,0,0 ETH
02 Mar 2024,+0.00216 ETH,32.00692 ETH,32.00907 ETH,0,0,0,0,0,0,0,0 ETH
01 Mar 2024,+0.00217 ETH,32.00474 ETH,32.00691 ETH,0,0,0,0,0,0,0,0 ETH
29 Feb 2024,+0.00218 ETH,32.00256 ETH,32.00473 ETH,0,0,0,0,0,0,0,0 ETH
28 Feb 2024,+0.00216 ETH,32.00039 ETH,32.00255 ETH,0,0,0,0,0,0,0,0 ETH
27 Feb 2024,+0.00216 ETH,32.01645 ETH,32.00038 ETH,0,0,0,0,0,0,0,0 ETH
26 Feb 2024,+0.00217 ETH,32.01428 ETH,32.01645 ETH,0,0,0,0,0,0,0,0 ETH
25 Feb 2024,+0.00217 ETH,32.0121 ETH,32.01427 ETH,0,0,0,0,0,0,0,0 ETH
24 Feb 2024,+0.00218 ETH,32.00992 ETH,32.01209 ETH,0,0,0,0,0,0,0,0 ETH
23 Feb 2024,+0.00217 ETH,32.00774 ETH,32.00991 ETH,0,0,0,0,0,0,0,0 ETH
22 Feb 2024,+0.00218 ETH,32.00556 ETH,32.00773 ETH,0,0,0,0,0,0,0,0 ETH
21 Feb 2024,+0.00214 ETH,32.00341 ETH,32.00555 ETH,0,0,0,0,0,0,0,0 ETH
20 Feb 2024,+0.00218 ETH,32.00123 ETH,32.0034 ETH,0,0,0,0,0,0,0,0 ETH
19 Feb 2024,+0.00218 ETH,32.01712 ETH,32.00122 ETH,0,0,0,0,0,0,0,0 ETH
18 Feb 2024,+0.00216 ETH,32.01495 ETH,32.01711 ETH,0,0,0,0,0,0,0,0 ETH
17 Feb 2024,+0.00217 ETH,32.01277 ETH,32.01494 ETH,0,0,0,0,0,0,0,0 ETH
16 Feb 2024,+0.00219 ETH,32.01057 ETH,32.01276 ETH,0,0,0,0,0,0,0,0 ETH
15 Feb 2024,+0.00220 ETH,32.00837 ETH,32.01056 ETH,0,0,0,0,0,0,0,0 ETH
14 Feb 2024,+0.00217 ETH,32.0062 ETH,32.00836 ETH,0,0,0,0,0,0,0,0 ETH
13 Feb 2024,+0.00219 ETH,32.00401 ETH,32.00619 ETH,0,0,0,0,0,0,0,0 ETH
12 Feb 2024,+0.00219 ETH,32.00181 ETH,32.004 ETH,0,0,0,0,0,0,0,0 ETH
11 Feb 2024,+0.00220 ETH,32.01743 ETH,32.0018 ETH,0,0,0,0,0,0,0,0 ETH
10 Feb 2024,+0.00220 ETH,32.01523 ETH,32.01742 ETH,0,0,0,0,0,0,0,0 ETH
09 Feb 2024,+0.00222 ETH,32.01301 ETH,32.01522 ETH,0,0,0,0,0,0,0,0 ETH
08 Feb 2024,+0.00220 ETH,32.0108 ETH,32.013 ETH,0,0,0,0,0,0,0,0 ETH
07 Feb 2024,+0.00220 ETH,32.0086 ETH,32.01079 ETH,0,0,0,0,0,0,0,0 ETH
06 Feb 2024,+0.00220 ETH,32.00639 ETH,32.00859 ETH,0,0,0,0,0,0,0,0 ETH
05 Feb 2024,+0.00222 ETH,32.00417 ETH,32.00638 ETH,0,0,0,0,0,0,0,0 ETH
04 Feb 2024,+0.00219 ETH,32.00197 ETH,32.00416 ETH,0,0,0,0,0,0,0,0 ETH
03 Feb 2024,+0.00223 ETH,32.01739 ETH,32.00196 ETH,0,0,0,0,0,0,0,0 ETH
02 Feb 2024,+0.00221 ETH,32.01517 ETH,32.01738 ETH,0,0,0,0,0,0,0,0 ETH
01 Feb 2024,+0.00211 ETH,32.01306 ETH,32.01516 ETH,6,0,0,0,0,0,0,0 ETH
31 Jan 2024,+0.00222 ETH,32.01083 ETH,32.01305 ETH,0,0,0,0,0,0,0,0 ETH
30 Jan 2024,+0.00222 ETH,32.0086 ETH,32.01082 ETH,0,0,0,0,0,0,0,0 ETH
29 Jan 2024,+0.00224 ETH,32.00636 ETH,32.00859 ETH,0,0,0,0,0,0,0,0 ETH
28 Jan 2024,+0.00225 ETH,32.00411 ETH,32.00635 ETH,0,0,0,0,0,0,0,0 ETH
27 Jan 2024,+0.00224 ETH,32.00186 ETH,32.0041 ETH,0,0,0,0,0,0,0,0 ETH
26 Jan 2024,+0.00224 ETH,32.01716 ETH,32.00185 ETH,0,0,0,0,0,0,0,0 ETH
25 Jan 2024,+0.00224 ETH,32.01491 ETH,32.01715 ETH,0,0,0,0,0,0,0,0 ETH
24 Jan 2024,+0.00224 ETH,32.01266 ETH,32.0149 ETH,0,0,0,0,0,0,0,0 ETH
23 Jan 2024,+0.00223 ETH,32.01042 ETH,32.01265 ETH,0,0,0,0,0,0,0,0 ETH
22 Jan 2024,+0.00221 ETH,32.00821 ETH,32.01041 ETH,0,0,0,0,0,0,0,0 ETH
21 Jan 2024,+0.00218 ETH,32.00602 ETH,32.0082 ETH,0,0,0,0,0,0,0,0 ETH
20 Jan 2024,+0.00225 ETH,32.00377 ETH,32.00601 ETH,0,0,0,0,0,0,0,0 ETH
19 Jan 2024,+0.00226 ETH,32.00151 ETH,32.00376 ETH,0,0,0,0,0,0,0,0 ETH
18 Jan 2024,+0.00225 ETH,32.01692 ETH,32.0015 ETH,0,0,0,0,0,0,0,0 ETH
17 Jan 2024,+0.00226 ETH,32.01465 ETH,32.01691 ETH,0,0,0,0,0,0,0,0 ETH
16 Jan 2024,+0.00226 ETH,32.01239 ETH,32.01464 ETH,0,0,0,0,0,0,0,0 ETH
15 Jan 2024,+0.00224 ETH,32.01015 ETH,32.01238 ETH,1,0,0,0,0,0,0,0 ETH
14 Jan 2024,+0.00225 ETH,32.00789 ETH,32.01014 ETH,0,0,0,0,0,0,0,0 ETH
13 Jan 2024,+0.00225 ETH,32.00564 ETH,32.00788 ETH,0,0,0,0,0,0,0,0 ETH
12 Jan 2024,+0.00226 ETH,32.00337 ETH,32.00563 ETH,0,0,0,0,0,0,0,0 ETH
11 Jan 2024,+0.00223 ETH,32.00114 ETH,32.00336 ETH,0,0,0,0,0,0,0,0 ETH
10 Jan 2024,+0.00218 ETH,32.0163 ETH,32.00113 ETH,2,0,0,0,0,0,0,0 ETH
09 Jan 2024,+0.00218 ETH,32.01412 ETH,32.01629 ETH,1,0,0,0,0,0,0,0 ETH
08 Jan 2024,+0.00220 ETH,32.01192 ETH,32.01411 ETH,1,0,0,0,0,0,0,0 ETH
07 Jan 2024,+0.00219 ETH,32.00972 ETH,32.01191 ETH,1,0,0,0,0,0,0,0 ETH
06 Jan 2024,+0.00218 ETH,32.00754 ETH,32.00971 ETH,0,0,0,0,0,0,0,0 ETH
05 Jan 2024,+0.00224 ETH,32.0053 ETH,32.00753 ETH,0,0,0,0,0,0,0,0 ETH
04 Jan 2024,+0.00221 ETH,32.00309 ETH,32.00529 ETH,0,0,0,0,0,0,0,0 ETH
03 Jan 2024,+0.00225 ETH,32.00083 ETH,32.00308 ETH,0,0,0,0,0,0,0,0 ETH
02 Jan 2024,+0.00225 ETH,32.01596 ETH,32.00082 ETH,0,0,0,0,0,0,0,0 ETH
01 Jan 2024,+0.00216 ETH,32.0138 ETH,32.01595 ETH,1,0,0,0,0,0,0,0 ETH
31 Dec 2023,+0.00223 ETH,32.01156 ETH,32.01379 ETH,0,0,0,0,0,0,0,0 ETH
30 Dec 2023,+0.00224 ETH,32.00931 ETH,32.01155 ETH,0,0,0,0,0,0,0,0 ETH
29 Dec 2023,+0.00224 ETH,32.00707 ETH,32.0093 ETH,0,0,0,0,0,0,0,0 ETH
28 Dec 2023,+0.00225 ETH,32.00481 ETH,32.00706 ETH,0,0,0,0,0,0,0,0 ETH
27 Dec 2023,+0.00224 ETH,32.00257 ETH,32.0048 ETH,0,0,0,0,0,0,0,0 ETH
26 Dec 2023,+0.00224 ETH,32.00032 ETH,32.00256 ETH,1,0,0,0,0,0,0,0 ETH
25 Dec 2023,+0.00214 ETH,32.01543 ETH,32.00031 ETH,7,0,0,0,0,0,0,0 ETH
24 Dec 2023,+0.00214 ETH,32.01329 ETH,32.01542 ETH,6,0,0,0,0,0,0,0 ETH
23 Dec 2023,+0.00225 ETH,32.01103 ETH,32.01328 ETH,0,0,0,0,0,0,0,0 ETH
22 Dec 2023,+0.00225 ETH,32.00878 ETH,32.01102 ETH,0,0,0,0,0,0,0,0 ETH
21 Dec 2023,+0.00226 ETH,32.00651 ETH,32.00876 ETH,0,0,0,0,0,0,0,0 ETH
20 Dec 2023,+0.00225 ETH,32.00426 ETH,32.0065 ETH,0,0,0,0,0,0,0,0 ETH
19 Dec 2023,+0.00224 ETH,32.00201 ETH,32.00425 ETH,0,0,0,0,0,0,0,0 ETH
18 Dec 2023,+0.00225 ETH,32.01725 ETH,32.002 ETH,0,0,0,0,0,0,0,0 ETH
17 Dec 2023,+0.00224 ETH,32.01501 ETH,32.01724 ETH,0,0,0,0,0,0,0,0 ETH
16 Dec 2023,+0.00224 ETH,32.01276 ETH,32.015 ETH,0,0,0,0,0,0,0,0 ETH
15 Dec 2023,+0.00225 ETH,32.01051 ETH,32.01275 ETH,0,0,0,0,0,0,0,0 ETH
14 Dec 2023,+0.00227 ETH,32.00824 ETH,32.0105 ETH,0,0,0,0,0,0,0,0 ETH
13 Dec 2023,+0.00227 ETH,32.00596 ETH,32.00823 ETH,0,0,0,0,0,0,0,0 ETH
12 Dec 2023,+0.00226 ETH,32.0037 ETH,32.00595 ETH,0,0,0,0,0,0,0,0 ETH
11 Dec 2023,+0.00226 ETH,32.00143 ETH,32.00369 ETH,0,0,0,0,0,0,0,0 ETH
10 Dec 2023,+0.00226 ETH,32.01662 ETH,32.00142 ETH,0,0,0,0,0,0,0,0 ETH
09 Dec 2023,+0.00226 ETH,32.01435 ETH,32.01661 ETH,0,0,0,0,0,0,0,0 ETH
08 Dec 2023,+0.00225 ETH,32.0121 ETH,32.01434 ETH,0,0,0,0,0,0,0,0 ETH
07 Dec 2023,+0.00226 ETH,32.00983 ETH,32.01209 ETH,0,0,0,0,0,0,0,0 ETH
06 Dec 2023,+0.00225 ETH,32.00758 ETH,32.00982 ETH,1,0,0,0,0,0,0,0 ETH
05 Dec 2023,+0.00225 ETH,32.00533 ETH,32.00757 ETH,0,0,0,0,0,0,0,0 ETH
04 Dec 2023,+0.00227 ETH,32.00306 ETH,32.00532 ETH,0,0,0,0,0,0,0,0 ETH
03 Dec 2023,+0.00227 ETH,32.00078 ETH,32.00305 ETH,0,0,0,0,0,0,0,0 ETH
02 Dec 2023,+0.00227 ETH,32.01591 ETH,32.00077 ETH,0,0,0,0,0,0,0,0 ETH
01 Dec 2023,+0.00227 ETH,32.01364 ETH,32.0159 ETH,0,0,0,0,0,0,0,0 ETH
30 Nov 2023,+0.00228 ETH,32.01135 ETH,32.01363 ETH,0,0,0,0,0,0,0,0 ETH
29 Nov 2023,+0.00228 ETH,32.00906 ETH,32.01134 ETH,0,0,0,0,0,0,0,0 ETH
28 Nov 2023,+0.00228 ETH,32.00678 ETH,32.00905 ETH,0,0,0,0,0,0,0,0 ETH
27 Nov 2023,+0.00227 ETH,32.0045 ETH,32.00677 ETH,0,0,0,0,0,0,0,0 ETH
26 Nov 2023,+0.00226 ETH,32.00223 ETH,32.00449 ETH,0,0,0,0,0,0,0,0 ETH
25 Nov 2023,+0.00226 ETH,32.01697 ETH,32.00222 ETH,0,0,0,0,0,0,0,0 ETH
24 Nov 2023,+0.00227 ETH,32.01469 ETH,32.01696 ETH,0,0,0,0,0,0,0,0 ETH
23 Nov 2023,+0.00225 ETH,32.01244 ETH,32.01468 ETH,1,0,0,0,0,0,0,0 ETH
22 Nov 2023,+0.00228 ETH,32.01015 ETH,32.01243 ETH,0,0,0,0,0,0,0,0 ETH
21 Nov 2023,+0.00223 ETH,32.00791 ETH,32.01014 ETH,2,0,0,0,0,0,0,0 ETH
20 Nov 2023,+0.00223 ETH,32.00568 ETH,32.0079 ETH,1,0,0,0,0,0,0,0 ETH
19 Nov 2023,+0.00224 ETH,32.00343 ETH,32.00567 ETH,1,0,0,0,0,0,0,0 ETH
18 Nov 2023,+0.00216 ETH,32.00127 ETH,32.00342 ETH,6,0,0,0,0,0,0,0 ETH
17 Nov 2023,+0.00226 ETH,32.01602 ETH,32.00126 ETH,0,0,0,0,0,0,0,0 ETH
16 Nov 2023,+0.00219 ETH,32.01383 ETH,32.01601 ETH,4,0,0,0,0,0,0,0 ETH
15 Nov 2023,+0.00218 ETH,32.01164 ETH,32.01382 ETH,2,0,0,0,0,0,0,0 ETH
14 Nov 2023,+0.00224 ETH,32.0094 ETH,32.01163 ETH,1,0,0,0,0,0,0,0 ETH
13 Nov 2023,+0.00228 ETH,32.00711 ETH,32.00939 ETH,0,0,0,0,0,0,0,0 ETH
12 Nov 2023,+0.00226 ETH,32.00485 ETH,32.0071 ETH,0,0,0,0,0,0,0,0 ETH
11 Nov 2023,+0.00227 ETH,32.00258 ETH,32.00484 ETH,0,0,0,0,0,0,0,0 ETH
10 Nov 2023,+0.00227 ETH,32.00031 ETH,32.00257 ETH,0,0,0,0,0,0,0,0 ETH
09 Nov 2023,+0.06915 ETH,32.01512 ETH,32.00029 ETH,0,1,0,0,0,0,0,0 ETH
08 Nov 2023,+0.00228 ETH,32.01283 ETH,32.01511 ETH,0,0,0,0,0,0,0,0 ETH
07 Nov 2023,+0.00228 ETH,32.01055 ETH,32.01282 ETH,0,0,0,0,0,0,0,0 ETH
06 Nov 2023,+0.00226 ETH,32.00828 ETH,32.01054 ETH,0,0,0,0,0,0,0,0 ETH
05 Nov 2023,+0.00228 ETH,32.00599 ETH,32.00827 ETH,0,0,0,0,0,0,0,0 ETH
04 Nov 2023,+0.00229 ETH,32.0037 ETH,32.00598 ETH,0,0,0,0,0,0,0,0 ETH
03 Nov 2023,+0.00229 ETH,32.0014 ETH,32.00369 ETH,0,0,0,0,0,0,0,0 ETH
02 Nov 2023,+0.00229 ETH,32.0161 ETH,32.00139 ETH,0,0,0,0,0,0,0,0 ETH
01 Nov 2023,+0.00229 ETH,32.0138 ETH,32.01609 ETH,0,0,0,0,0,0,0,0 ETH
31 Oct 2023,+0.00229 ETH,32.01151 ETH,32.01379 ETH,0,0,0,0,0,0,0,0 ETH
30 Oct 2023,+0.00228 ETH,32.00922 ETH,32.0115 ETH,0,0,0,0,0,0,0,0 ETH
29 Oct 2023,+0.00230 ETH,32.00692 ETH,32.00921 ETH,0,0,0,0,0,0,0,0 ETH
28 Oct 2023,+0.00230 ETH,32.00462 ETH,32.00691 ETH,0,0,0,0,0,0,0,0 ETH
27 Oct 2023,+0.00230 ETH,32.00232 ETH,32.00461 ETH,0,0,0,0,0,0,0,0 ETH
26 Oct 2023,+0.00230 ETH,32.00001 ETH,32.00231 ETH,0,0,0,0,0,0,0,0 ETH
25 Oct 2023,+0.00229 ETH,32.01465 ETH,32.01694 ETH,0,0,0,0,0,0,0,0 ETH
24 Oct 2023,+0.00230 ETH,32.01235 ETH,32.01464 ETH,0,0,0,0,0,0,0,0 ETH
23 Oct 2023,+0.00230 ETH,32.01005 ETH,32.01234 ETH,0,0,0,0,0,0,0,0 ETH
22 Oct 2023,+0.00228 ETH,32.00776 ETH,32.01004 ETH,0,0,0,0,0,0,0,0 ETH
21 Oct 2023,+0.00230 ETH,32.00545 ETH,32.00775 ETH,0,0,0,0,0,0,0,0 ETH
20 Oct 2023,+0.00230 ETH,32.00314 ETH,32.00544 ETH,0,0,0,0,0,0,0,0 ETH
19 Oct 2023,+0.00230 ETH,32.00084 ETH,32.00313 ETH,0,0,0,0,0,0,0,0 ETH
18 Oct 2023,+0.00230 ETH,32.01539 ETH,32.00083 ETH,0,0,0,0,0,0,0,0 ETH
17 Oct 2023,+0.00229 ETH,32.01309 ETH,32.01538 ETH,0,0,0,0,0,0,0,0 ETH
16 Oct 2023,+0.00231 ETH,32.01078 ETH,32.01308 ETH,0,0,0,0,0,0,0,0 ETH
15 Oct 2023,+0.00231 ETH,32.00847 ETH,32.01077 ETH,0,0,0,0,0,0,0,0 ETH
14 Oct 2023,+0.00230 ETH,32.00616 ETH,32.00846 ETH,0,0,0,0,0,0,0,0 ETH
13 Oct 2023,+0.00230 ETH,32.00386 ETH,32.00615 ETH,0,0,0,0,0,0,0,0 ETH
12 Oct 2023,+0.00229 ETH,32.00156 ETH,32.00385 ETH,0,0,0,0,0,0,0,0 ETH
11 Oct 2023,+0.00229 ETH,32.0157 ETH,32.00155 ETH,0,0,0,0,0,0,0,0 ETH
10 Oct 2023,+0.00232 ETH,32.01337 ETH,32.01569 ETH,0,0,0,0,0,0,0,0 ETH
09 Oct 2023,+0.00223 ETH,32.01113 ETH,32.01336 ETH,1,0,0,0,0,0,0,0 ETH
08 Oct 2023,+0.00216 ETH,32.00897 ETH,32.01112 ETH,5,0,0,0,0,0,0,0 ETH
07 Oct 2023,+0.00229 ETH,32.00668 ETH,32.00896 ETH,1,0,0,0,0,0,0,0 ETH
06 Oct 2023,+0.00231 ETH,32.00436 ETH,32.00666 ETH,0,0,0,0,0,0,0,0 ETH
05 Oct 2023,+0.00231 ETH,32.00204 ETH,32.00435 ETH,0,0,0,0,0,0,0,0 ETH
04 Oct 2023,+0.00234 ETH,32.01623 ETH,32.00203 ETH,0,0,0,0,0,0,0,0 ETH
03 Oct 2023,+0.00231 ETH,32.01392 ETH,32.01622 ETH,0,0,0,0,0,0,0,0 ETH
02 Oct 2023,+0.00234 ETH,32.01157 ETH,32.01391 ETH,0,0,0,0,0,0,0,0 ETH
01 Oct 2023,+0.00235 ETH,32.00922 ETH,32.01156 ETH,0,0,0,0,0,0,0,0 ETH
30 Sep 2023,+0.00234 ETH,32.00688 ETH,32.00921 ETH,0,0,0,0,0,0,0,0 ETH
29 Sep 2023,+0.00235 ETH,32.00452 ETH,32.00686 ETH,0,0,0,0,0,0,0,0 ETH
28 Sep 2023,+0.00235 ETH,32.00217 ETH,32.00451 ETH,0,0,0,0,0,0,0,0 ETH
27 Sep 2023,+0.00236 ETH,32.0562 ETH,32.00215 ETH,0,0,0,0,0,0,0,0 ETH
26 Sep 2023,+0.00235 ETH,32.05385 ETH,32.05619 ETH,0,0,0,0,0,0,0,0 ETH
25 Sep 2023,+0.00237 ETH,32.05148 ETH,32.05384 ETH,0,0,0,0,0,0,0,0 ETH
24 Sep 2023,+0.00237 ETH,32.0491 ETH,32.05147 ETH,0,0,0,0,0,0,0,0 ETH
23 Sep 2023,+0.00236 ETH,32.04674 ETH,32.04909 ETH,0,0,0,0,0,0,0,0 ETH
22 Sep 2023,+0.00237 ETH,32.04436 ETH,32.04673 ETH,0,0,0,0,0,0,0,0 ETH
21 Sep 2023,+0.00237 ETH,32.04199 ETH,32.04435 ETH,0,0,0,0,0,0,0,0 ETH
20 Sep 2023,+0.04238 ETH,32.01579 ETH,32.04198 ETH,0,1,0,0,0,0,0,0 ETH
19 Sep 2023,+0.00239 ETH,32.0134 ETH,32.01578 ETH,0,0,0,0,0,0,0,0 ETH
18 Sep 2023,+0.00238 ETH,32.01101 ETH,32.01339 ETH,0,0,0,0,0,0,0,0 ETH
17 Sep 2023,+0.00235 ETH,32.00865 ETH,32.011 ETH,0,0,0,0,0,0,0,0 ETH
16 Sep 2023,+0.00237 ETH,32.00628 ETH,32.00864 ETH,0,0,0,0,0,0,0,0 ETH
15 Sep 2023,+0.00238 ETH,32.00389 ETH,32.00627 ETH,0,0,0,0,0,0,0,0 ETH
14 Sep 2023,+0.00238 ETH,32.00151 ETH,32.00388 ETH,0,0,0,0,0,0,0,0 ETH
13 Sep 2023,+0.00240 ETH,32.01505 ETH,32.0015 ETH,0,0,0,0,0,0,0,0 ETH
12 Sep 2023,+0.00241 ETH,32.01264 ETH,32.01504 ETH,0,0,0,0,0,0,0,0 ETH
11 Sep 2023,+0.00240 ETH,32.01024 ETH,32.01263 ETH,0,0,0,0,0,0,0,0 ETH
10 Sep 2023,+0.00240 ETH,32.00784 ETH,32.01023 ETH,0,0,0,0,0,0,0,0 ETH
09 Sep 2023,+0.00239 ETH,32.00544 ETH,32.00783 ETH,0,0,0,0,0,0,0,0 ETH
08 Sep 2023,+0.00241 ETH,32.00302 ETH,32.00543 ETH,0,0,0,0,0,0,0,0 ETH
07 Sep 2023,+0.00241 ETH,32.00061 ETH,32.00301 ETH,0,0,0,0,0,0,0,0 ETH
06 Sep 2023,+0.00241 ETH,32.01402 ETH,32.0006 ETH,0,0,0,0,0,0,0,0 ETH
05 Sep 2023,+0.00243 ETH,32.01159 ETH,32.01401 ETH,0,0,0,0,0,0,0,0 ETH
04 Sep 2023,+0.00244 ETH,32.00915 ETH,32.01158 ETH,0,0,0,0,0,0,0,0 ETH
03 Sep 2023,+0.00244 ETH,32.0067 ETH,32.00913 ETH,0,0,0,0,0,0,0,0 ETH
02 Sep 2023,+0.00242 ETH,32.00427 ETH,32.00669 ETH,1,0,0,0,0,0,0,0 ETH
01 Sep 2023,+0.00244 ETH,32.00183 ETH,32.00426 ETH,0,0,0,0,0,0,0,0 ETH
31 Aug 2023,+0.00242 ETH,32.015 ETH,32.00181 ETH,1,0,0,0,0,0,0,0 ETH
30 Aug 2023,+0.00245 ETH,32.01254 ETH,32.01499 ETH,0,0,0,0,0,0,0,0 ETH
29 Aug 2023,+0.00245 ETH,32.01008 ETH,32.01253 ETH,0,0,0,0,0,0,0,0 ETH
28 Aug 2023,+0.00244 ETH,32.00764 ETH,32.01007 ETH,0,0,0,0,0,0,0,0 ETH
27 Aug 2023,+0.00244 ETH,32.00519 ETH,32.00763 ETH,1,0,0,0,0,0,0,0 ETH
26 Aug 2023,+0.00245 ETH,32.00274 ETH,32.00518 ETH,0,0,0,0,0,0,0,0 ETH
25 Aug 2023,+0.00245 ETH,32.00029 ETH,32.00273 ETH,1,0,0,0,0,0,0,0 ETH
24 Aug 2023,+0.00246 ETH,32.01329 ETH,32.00028 ETH,1,0,0,0,0,0,0,0 ETH
23 Aug 2023,+0.00247 ETH,32.01082 ETH,32.01328 ETH,1,0,0,0,0,0,0,0 ETH
22 Aug 2023,+0.00247 ETH,32.00834 ETH,32.0108 ETH,1,0,0,0,0,0,0,0 ETH
21 Aug 2023,+0.00248 ETH,32.00586 ETH,32.00833 ETH,0,0,0,0,0,0,0,0 ETH
20 Aug 2023,+0.00249 ETH,32.00337 ETH,32.00585 ETH,0,0,0,0,0,0,0,0 ETH
19 Aug 2023,+0.00248 ETH,32.00088 ETH,32.00335 ETH,0,0,0,0,0,0,0,0 ETH
18 Aug 2023,+0.00248 ETH,32.01366 ETH,32.00087 ETH,2,0,0,0,0,0,0,0 ETH
17 Aug 2023,+0.00249 ETH,32.01117 ETH,32.01365 ETH,0,0,0,0,0,0,0,0 ETH
16 Aug 2023,+0.00246 ETH,32.00869 ETH,32.01116 ETH,0,0,0,0,0,0,0,0 ETH
15 Aug 2023,+0.00249 ETH,32.0062 ETH,32.00869 ETH,1,0,0,0,0,0,0,0 ETH
14 Aug 2023,+0.00251 ETH,32.00368 ETH,32.00619 ETH,1,0,0,0,0,0,0,0 ETH
13 Aug 2023,+0.00250 ETH,32.00118 ETH,32.00367 ETH,0,0,0,0,0,0,0,0 ETH
12 Aug 2023,+0.00252 ETH,32.01382 ETH,32.00117 ETH,0,0,0,0,0,0,0,0 ETH
11 Aug 2023,+0.00251 ETH,32.0113 ETH,32.01381 ETH,1,0,0,0,0,0,0,0 ETH
10 Aug 2023,+0.00252 ETH,32.00878 ETH,32.01129 ETH,0,0,0,0,0,0,0,0 ETH
09 Aug 2023,+0.00252 ETH,32.00625 ETH,32.00877 ETH,0,0,0,0,0,0,0,0 ETH
08 Aug 2023,+0.00252 ETH,32.00372 ETH,32.00624 ETH,0,0,0,0,0,0,0,0 ETH
07 Aug 2023,+0.00253 ETH,32.00119 ETH,32.00371 ETH,0,0,0,0,0,0,0,0 ETH
06 Aug 2023,+0.00253 ETH,32.0137 ETH,32.00118 ETH,0,0,0,0,0,0,0,0 ETH
05 Aug 2023,+0.00254 ETH,32.01115 ETH,32.01369 ETH,0,0,0,0,0,0,0,0 ETH
04 Aug 2023,+0.00255 ETH,32.00859 ETH,32.01114 ETH,0,0,0,0,0,0,0,0 ETH
03 Aug 2023,+0.00255 ETH,32.00604 ETH,32.00858 ETH,0,0,0,0,0,0,0,0 ETH
02 Aug 2023,+0.00256 ETH,32.00348 ETH,32.00603 ETH,0,0,0,0,0,0,0,0 ETH
01 Aug 2023,+0.00256 ETH,32.00091 ETH,32.00346 ETH,0,0,0,0,0,0,0,0 ETH
31 Jul 2023,+0.00256 ETH,32.01306 ETH,32.0009 ETH,0,0,0,0,0,0,0,0 ETH
30 Jul 2023,+0.00256 ETH,32.01049 ETH,32.01305 ETH,0,0,0,0,0,0,0,0 ETH
29 Jul 2023,+0.00255 ETH,32.00794 ETH,32.01048 ETH,1,0,0,0,0,0,0,0 ETH
28 Jul 2023,+0.00250 ETH,32.00543 ETH,32.00792 ETH,3,0,0,0,0,0,0,0 ETH
27 Jul 2023,+0.00250 ETH,32.00293 ETH,32.00542 ETH,2,0,0,0,0,0,0,0 ETH
26 Jul 2023,+0.00258 ETH,32.00034 ETH,32.00292 ETH,0,0,0,0,0,0,0,0 ETH
25 Jul 2023,+0.00258 ETH,32.01248 ETH,32.00033 ETH,0,0,0,0,0,0,0,0 ETH
24 Jul 2023,+0.00257 ETH,32.00991 ETH,32.01247 ETH,0,0,0,0,0,0,0,0 ETH
23 Jul 2023,+0.00258 ETH,32.00732 ETH,32.0099 ETH,1,0,0,0,0,0,0,0 ETH
22 Jul 2023,+0.00258 ETH,32.00473 ETH,32.00731 ETH,0,0,0,0,0,0,0,0 ETH
21 Jul 2023,+0.00260 ETH,32.00213 ETH,32.00472 ETH,1,0,0,0,0,0,0,0 ETH
20 Jul 2023,+0.03926 ETH,32.01402 ETH,32.00212 ETH,0,1,0,0,0,0,0,0 ETH
19 Jul 2023,+0.00260 ETH,32.01142 ETH,32.01401 ETH,2,0,0,0,0,0,0,0 ETH
18 Jul 2023,+0.00259 ETH,32.00882 ETH,32.01141 ETH,1,0,0,0,0,0,0,0 ETH
17 Jul 2023,+0.00260 ETH,32.00622 ETH,32.00881 ETH,0,0,0,0,0,0,0,0 ETH
16 Jul 2023,+0.00260 ETH,32.00362 ETH,32.00621 ETH,0,0,0,0,0,0,0,0 ETH
15 Jul 2023,+0.00256 ETH,32.00105 ETH,32.00361 ETH,2,0,0,0,0,0,0,0 ETH
14 Jul 2023,+0.00257 ETH,32.01263 ETH,32.00104 ETH,1,0,0,0,0,0,0,0 ETH
13 Jul 2023,+0.00260 ETH,32.01002 ETH,32.01262 ETH,1,0,0,0,0,0,0,0 ETH
12 Jul 2023,+0.00236 ETH,32.00765 ETH,32.01001 ETH,5,0,0,0,0,0,0,0 ETH
11 Jul 2023,+0.00258 ETH,32.00507 ETH,32.00764 ETH,2,0,0,0,0,0,0,0 ETH
10 Jul 2023,+0.00261 ETH,32.00245 ETH,32.00506 ETH,3,0,0,0,0,0,0,0 ETH
09 Jul 2023,+0.00262 ETH,32.01403 ETH,32.00244 ETH,3,0,0,0,0,0,0,0 ETH
08 Jul 2023,+0.00263 ETH,32.01139 ETH,32.01402 ETH,0,0,0,0,0,0,0,0 ETH
07 Jul 2023,+0.00264 ETH,32.00874 ETH,32.01138 ETH,0,0,0,0,0,0,0,0 ETH
06 Jul 2023,+0.00265 ETH,32.00609 ETH,32.00873 ETH,1,0,0,0,0,0,0,0 ETH
05 Jul 2023,+0.00249 ETH,32.00359 ETH,32.00608 ETH,2,0,0,0,0,0,0,0 ETH
04 Jul 2023,+0.00266 ETH,32.00092 ETH,32.00358 ETH,0,0,0,0,0,0,0,0 ETH
03 Jul 2023,+0.00265 ETH,32.01236 ETH,32.00091 ETH,1,0,0,0,0,0,0,0 ETH
02 Jul 2023,+0.00261 ETH,32.00974 ETH,32.01235 ETH,1,0,0,0,0,0,0,0 ETH
01 Jul 2023,+0.00266 ETH,32.00708 ETH,32.00973 ETH,3,0,0,0,0,0,0,0 ETH
30 Jun 2023,+0.00263 ETH,32.00444 ETH,32.00706 ETH,1,0,0,0,0,0,0,0 ETH
29 Jun 2023,+0.00266 ETH,32.00178 ETH,32.00443 ETH,1,0,0,0,0,0,0,0 ETH
28 Jun 2023,+0.00267 ETH,32.01315 ETH,32.00177 ETH,1,0,0,0,0,0,0,0 ETH
27 Jun 2023,+0.00265 ETH,32.0105 ETH,32.01314 ETH,2,0,0,0,0,0,0,0 ETH
26 Jun 2023,+0.00267 ETH,32.00782 ETH,32.01049 ETH,1,0,0,0,0,0,0,0 ETH
25 Jun 2023,+0.00267 ETH,32.00514 ETH,32.00781 ETH,1,0,0,0,0,0,0,0 ETH
24 Jun 2023,+0.00269 ETH,32.00245 ETH,32.00513 ETH,1,0,0,0,0,0,0,0 ETH
23 Jun 2023,+0.00270 ETH,32.01372 ETH,32.00244 ETH,1,0,0,0,0,0,0,0 ETH
22 Jun 2023,+0.00266 ETH,32.01105 ETH,32.0137 ETH,3,0,0,0,0,0,0,0 ETH
21 Jun 2023,+0.00268 ETH,32.00836 ETH,32.01104 ETH,2,0,0,0,0,0,0,0 ETH
20 Jun 2023,+0.00271 ETH,32.00565 ETH,32.00835 ETH,0,0,0,0,0,0,0,0 ETH
19 Jun 2023,+0.00269 ETH,32.00296 ETH,32.00564 ETH,2,0,0,0,0,0,0,0 ETH
18 Jun 2023,+0.00272 ETH,32.00023 ETH,32.00294 ETH,1,0,0,0,0,0,0,0 ETH
17 Jun 2023,+0.00272 ETH,32.01139 ETH,32.00022 ETH,2,0,0,0,0,0,0,0 ETH
16 Jun 2023,+0.00272 ETH,32.00866 ETH,32.01138 ETH,1,0,0,0,0,0,0,0 ETH
15 Jun 2023,+0.00270 ETH,32.00596 ETH,32.00865 ETH,2,0,0,0,0,0,0,0 ETH
14 Jun 2023,+0.00273 ETH,32.00323 ETH,32.00594 ETH,2,0,0,0,0,0,0,0 ETH
13 Jun 2023,+0.00272 ETH,32.0005 ETH,32.00321 ETH,1,0,0,0,0,0,0,0 ETH
12 Jun 2023,+0.00271 ETH,32.01137 ETH,32.00049 ETH,1,0,0,0,0,0,0,0 ETH
11 Jun 2023,+0.00272 ETH,32.00864 ETH,32.01136 ETH,1,0,0,0,0,0,0,0 ETH
10 Jun 2023,+0.00272 ETH,32.00592 ETH,32.00863 ETH,0,0,0,0,0,0,0,0 ETH
09 Jun 2023,+0.00273 ETH,32.00318 ETH,32.00591 ETH,1,0,0,0,0,0,0,0 ETH
08 Jun 2023,+0.00253 ETH,32.00065 ETH,32.00317 ETH,4,0,0,0,0,0,0,0 ETH
07 Jun 2023,+0.00273 ETH,32.01142 ETH,32.00064 ETH,1,0,0,0,0,0,0,0 ETH
06 Jun 2023,+0.00272 ETH,32.00869 ETH,32.01141 ETH,3,0,0,0,0,0,0,0 ETH
05 Jun 2023,+0.00271 ETH,32.00598 ETH,32.00868 ETH,3,0,0,0,0,0,0,0 ETH
04 Jun 2023,+0.00271 ETH,32.00327 ETH,32.00597 ETH,2,0,0,0,0,0,0,0 ETH
03 Jun 2023,+0.00273 ETH,32.00053 ETH,32.00326 ETH,0,0,0,0,0,0,0,0 ETH
02 Jun 2023,+0.00272 ETH,32.01114 ETH,32.00052 ETH,1,0,0,0,0,0,0,0 ETH
01 Jun 2023,+0.00274 ETH,32.0084 ETH,32.01113 ETH,1,0,0,0,0,0,0,0 ETH
31 May 2023,+0.00275 ETH,32.00564 ETH,32.00839 ETH,0,0,0,0,0,0,0,0 ETH
30 May 2023,+0.00276 ETH,32.00288 ETH,32.00563 ETH,1,0,0,0,0,0,0,0 ETH
29 May 2023,+0.00275 ETH,32.00012 ETH,32.00287 ETH,1,0,0,0,0,0,0,0 ETH
28 May 2023,+0.00276 ETH,32.01041 ETH,32.00011 ETH,0,0,0,0,0,0,0,0 ETH
27 May 2023,+0.00278 ETH,32.00763 ETH,32.0104 ETH,0,0,0,0,0,0,0,0 ETH
26 May 2023,+0.00279 ETH,32.00484 ETH,32.00762 ETH,1,0,0,0,0,0,0,0 ETH
25 May 2023,+0.00279 ETH,32.00204 ETH,32.00482 ETH,0,0,0,0,0,0,0,0 ETH
24 May 2023,+0.00279 ETH,32.01212 ETH,32.00203 ETH,0,0,0,0,0,0,0,0 ETH
23 May 2023,+0.00276 ETH,32.00936 ETH,32.01211 ETH,1,0,0,0,0,0,0,0 ETH
22 May 2023,+0.00279 ETH,32.00656 ETH,32.00934 ETH,0,0,0,0,0,0,0,0 ETH
21 May 2023,+0.00276 ETH,32.0038 ETH,32.00655 ETH,1,0,0,0,0,0,0,0 ETH
20 May 2023,+0.00279 ETH,32.001 ETH,32.00379 ETH,2,0,0,0,0,0,0,0 ETH
19 May 2023,+0.00281 ETH,32.01087 ETH,32.00099 ETH,0,0,0,0,0,0,0,0 ETH
18 May 2023,+0.00273 ETH,32.00813 ETH,32.01086 ETH,4,0,0,0,0,0,0,0 ETH
17 May 2023,+0.00278 ETH,32.00534 ETH,32.00812 ETH,1,0,0,0,0,0,0,0 ETH
16 May 2023,+0.00279 ETH,32.00255 ETH,32.00533 ETH,1,0,0,0,0,0,0,0 ETH
15 May 2023,+0.00282 ETH,32.01195 ETH,32.00254 ETH,0,0,0,0,0,0,0,0 ETH
14 May 2023,+0.00278 ETH,32.00916 ETH,32.01194 ETH,1,0,0,0,0,0,0,0 ETH
13 May 2023,+0.00279 ETH,32.00636 ETH,32.00915 ETH,0,0,0,0,0,0,0,0 ETH
12 May 2023,+0.00247 ETH,32.00389 ETH,32.00635 ETH,13,0,0,0,0,0,0,0 ETH
11 May 2023,+0.00273 ETH,32.00115 ETH,32.00387 ETH,3,0,0,0,0,0,0,0 ETH
10 May 2023,+0.00285 ETH,32.01082 ETH,32.00114 ETH,0,0,0,0,0,0,0,0 ETH
09 May 2023,+0.00283 ETH,32.00798 ETH,32.0108 ETH,0,0,0,0,0,0,0,0 ETH
08 May 2023,+0.00284 ETH,32.00514 ETH,32.00797 ETH,1,0,0,0,0,0,0,0 ETH
07 May 2023,+0.00284 ETH,32.00229 ETH,32.00512 ETH,2,0,0,0,0,0,0,0 ETH
06 May 2023,+0.00286 ETH,32.01169 ETH,32.00228 ETH,1,0,0,0,0,0,0,0 ETH
05 May 2023,+0.00284 ETH,32.00885 ETH,32.01168 ETH,2,0,0,0,0,0,0,0 ETH
04 May 2023,+0.00266 ETH,32.00618 ETH,32.00883 ETH,3,0,0,0,0,0,0,0 ETH
03 May 2023,+0.00281 ETH,32.00336 ETH,32.00617 ETH,3,0,0,0,0,0,0,0 ETH
02 May 2023,+0.00285 ETH,32.00051 ETH,32.00335 ETH,0,0,0,0,0,0,0,0 ETH
01 May 2023,+0.00284 ETH,32.01001 ETH,32.0005 ETH,0,0,0,0,0,0,0,0 ETH
30 Apr 2023,+0.00282 ETH,32.00718 ETH,32.01 ETH,1,0,0,0,0,0,0,0 ETH
29 Apr 2023,+0.00283 ETH,32.00435 ETH,32.00717 ETH,1,0,0,0,0,0,0,0 ETH
28 Apr 2023,+0.00282 ETH,32.00153 ETH,32.00434 ETH,3,0,0,0,0,0,0,0 ETH
27 Apr 2023,+0.00284 ETH,32.01106 ETH,32.00152 ETH,0,0,0,0,0,0,0,0 ETH
26 Apr 2023,+0.00283 ETH,32.00822 ETH,32.01104 ETH,1,0,0,0,0,0,0,0 ETH
25 Apr 2023,+0.00285 ETH,32.00536 ETH,32.00821 ETH,0,0,0,0,0,0,0,0 ETH
24 Apr 2023,+0.00286 ETH,32.0025 ETH,32.00535 ETH,0,0,0,0,0,0,0,0 ETH
23 Apr 2023,+0.00285 ETH,32.01184 ETH,32.00248 ETH,1,0,0,0,0,0,0,0 ETH
22 Apr 2023,+0.00282 ETH,32.00901 ETH,32.01183 ETH,1,0,0,0,0,0,0,0 ETH
21 Apr 2023,+0.00280 ETH,32.0062 ETH,32.009 ETH,1,0,0,0,0,0,0,0 ETH
20 Apr 2023,+0.00281 ETH,32.00339 ETH,32.00619 ETH,2,0,0,0,0,0,0,0 ETH
19 Apr 2023,+0.00283 ETH,32.00055 ETH,32.00338 ETH,2,0,0,0,0,0,0,0 ETH
18 Apr 2023,+0.00283 ETH,32.00954 ETH,32.00054 ETH,1,0,0,0,0,0,0,0 ETH
17 Apr 2023,+0.00285 ETH,32.00669 ETH,32.00953 ETH,0,0,0,0,0,0,0,0 ETH
16 Apr 2023,+0.00281 ETH,32.00387 ETH,32.00667 ETH,1,0,0,0,0,0,0,0 ETH
15 Apr 2023,+0.00280 ETH,32.00106 ETH,32.00386 ETH,0,0,0,0,0,0,0,0 ETH
14 Apr 2023,+0.00279 ETH,32.2064 ETH,32.00105 ETH,0,0,0,0,0,0,0,0 ETH
13 Apr 2023,+0.00271 ETH,32.20369 ETH,32.20639 ETH,2,0,0,0,0,0,0,0 ETH
12 Apr 2023,+0.00266 ETH,32.20103 ETH,32.20368 ETH,0,0,0,0,0,0,0,0 ETH
11 Apr 2023,+0.00281 ETH,32.19821 ETH,32.20101 ETH,1,0,0,0,0,0,0,0 ETH
10 Apr 2023,+0.00267 ETH,32.19553 ETH,32.1982 ETH,9,0,0,0,0,0,0,0 ETH
09 Apr 2023,+0.00279 ETH,32.19274 ETH,32.19552 ETH,0,0,0,0,0,0,0,0 ETH
08 Apr 2023,+0.00282 ETH,32.18992 ETH,32.19273 ETH,0,0,0,0,0,0,0,0 ETH
07 Apr 2023,+0.00281 ETH,32.18711 ETH,32.18991 ETH,0,0,0,0,0,0,0,0 ETH
06 Apr 2023,+0.00278 ETH,32.18433 ETH,32.1871 ETH,3,0,0,0,0,0,0,0 ETH
05 Apr 2023,+0.00275 ETH,32.18157 ETH,32.18431 ETH,4,0,0,0,0,0,0,0 ETH
04 Apr 2023,+0.00282 ETH,32.17875 ETH,32.18156 ETH,1,0,0,0,0,0,0,0 ETH
03 Apr 2023,+0.00282 ETH,32.17592 ETH,32.17873 ETH,1,0,0,0,0,0,0,0 ETH
02 Apr 2023,+0.00285 ETH,32.17307 ETH,32.17591 ETH,0,0,0,0,0,0,0,0 ETH
01 Apr 2023,+0.00285 ETH,32.17022 ETH,32.17306 ETH,2,0,0,0,0,0,0,0 ETH
31 Mar 2023,+0.00283 ETH,32.16738 ETH,32.17021 ETH,0,0,0,0,0,0,0,0 ETH
30 Mar 2023,+0.00285 ETH,32.16452 ETH,32.16737 ETH,0,0,0,0,0,0,0,0 ETH
29 Mar 2023,+0.00282 ETH,32.1617 ETH,32.16451 ETH,1,0,0,0,0,0,0,0 ETH
28 Mar 2023,+0.00286 ETH,32.15883 ETH,32.16169 ETH,0,0,0,0,0,0,0,0 ETH
27 Mar 2023,+0.00285 ETH,32.15598 ETH,32.15882 ETH,0,0,0,0,0,0,0,0 ETH
26 Mar 2023,+0.00283 ETH,32.15314 ETH,32.15596 ETH,1,0,0,0,0,0,0,0 ETH
25 Mar 2023,+0.00286 ETH,32.15027 ETH,32.15313 ETH,0,0,0,0,0,0,0,0 ETH
24 Mar 2023,+0.00287 ETH,32.1474 ETH,32.15026 ETH,0,0,0,0,0,0,0,0 ETH
23 Mar 2023,+0.00284 ETH,32.14455 ETH,32.14739 ETH,1,0,0,0,0,0,0,0 ETH
22 Mar 2023,+0.03601 ETH,32.10853 ETH,32.14454 ETH,1,1,0,0,0,0,0,0 ETH
21 Mar 2023,+0.00287 ETH,32.10566 ETH,32.10852 ETH,0,0,0,0,0,0,0,0 ETH
20 Mar 2023,+0.00287 ETH,32.10279 ETH,32.10565 ETH,0,0,0,0,0,0,0,0 ETH
19 Mar 2023,+0.00283 ETH,32.09995 ETH,32.10277 ETH,1,0,0,0,0,0,0,0 ETH
18 Mar 2023,+0.00284 ETH,32.0971 ETH,32.09994 ETH,0,0,0,0,0,0,0,0 ETH
17 Mar 2023,+0.00288 ETH,32.09422 ETH,32.09709 ETH,0,0,0,0,0,0,0,0 ETH
16 Mar 2023,+0.00288 ETH,32.09133 ETH,32.09421 ETH,0,0,0,0,0,0,0,0 ETH
15 Mar 2023,+0.00286 ETH,32.08846 ETH,32.09132 ETH,0,0,0,0,0,0,0,0 ETH
14 Mar 2023,+0.00285 ETH,32.08561 ETH,32.08845 ETH,0,0,0,0,0,0,0,0 ETH
13 Mar 2023,+0.00288 ETH,32.08272 ETH,32.0856 ETH,0,0,0,0,0,0,0,0 ETH
12 Mar 2023,+0.00286 ETH,32.07986 ETH,32.08271 ETH,0,0,0,0,0,0,0,0 ETH
11 Mar 2023,+0.00287 ETH,32.07698 ETH,32.07984 ETH,1,0,0,0,0,0,0,0 ETH
10 Mar 2023,+0.00284 ETH,32.07413 ETH,32.07697 ETH,1,0,0,0,0,0,0,0 ETH
09 Mar 2023,+0.00287 ETH,32.07126 ETH,32.07412 ETH,0,0,0,0,0,0,0,0 ETH
08 Mar 2023,+0.00274 ETH,32.06851 ETH,32.07125 ETH,3,0,0,0,0,0,0,0 ETH
07 Mar 2023,+0.00271 ETH,32.06579 ETH,32.0685 ETH,3,0,0,0,0,0,0,0 ETH
06 Mar 2023,+0.00290 ETH,32.06289 ETH,32.06578 ETH,0,0,0,0,0,0,0,0 ETH
05 Mar 2023,+0.00289 ETH,32.05999 ETH,32.06287 ETH,0,0,0,0,0,0,0,0 ETH
04 Mar 2023,+0.00290 ETH,32.05709 ETH,32.05998 ETH,0,0,0,0,0,0,0,0 ETH
03 Mar 2023,+0.00290 ETH,32.05418 ETH,32.05707 ETH,0,0,0,0,0,0,0,0 ETH
02 Mar 2023,+0.00291 ETH,32.05127 ETH,32.05417 ETH,0,0,0,0,0,0,0,0 ETH
01 Mar 2023,+0.00279 ETH,32.04848 ETH,32.05126 ETH,6,0,0,0,0,0,0,0 ETH
28 Feb 2023,+0.00292 ETH,32.04555 ETH,32.04846 ETH,0,0,0,0,0,0,0,0 ETH
27 Feb 2023,+0.00291 ETH,32.04264 ETH,32.04554 ETH,0,0,0,0,0,0,0,0 ETH
26 Feb 2023,+0.00286 ETH,32.03978 ETH,32.04263 ETH,3,0,0,0,0,0,0,0 ETH
25 Feb 2023,+0.00294 ETH,32.03684 ETH,32.03977 ETH,0,0,0,0,0,0,0,0 ETH
24 Feb 2023,+0.00294 ETH,32.03389 ETH,32.03682 ETH,0,0,0,0,0,0,0,0 ETH
23 Feb 2023,+0.00294 ETH,32.03094 ETH,32.03388 ETH,1,0,0,0,0,0,0,0 ETH
22 Feb 2023,+0.00294 ETH,32.028 ETH,32.03093 ETH,2,0,0,0,0,0,0,0 ETH
21 Feb 2023,+0.00294 ETH,32.02506 ETH,32.02799 ETH,0,0,0,0,0,0,0,0 ETH
20 Feb 2023,+0.00296 ETH,32.02209 ETH,32.02505 ETH,0,0,0,0,0,0,0,0 ETH
19 Feb 2023,+0.00296 ETH,32.01913 ETH,32.02208 ETH,1,0,0,0,0,0,0,0 ETH
18 Feb 2023,+0.00293 ETH,32.0162 ETH,32.01912 ETH,0,0,0,0,0,0,0,0 ETH
17 Feb 2023,+0.00294 ETH,32.01325 ETH,32.01618 ETH,0,0,0,0,0,0,0,0 ETH
16 Feb 2023,+0.00295 ETH,32.0103 ETH,32.01324 ETH,0,0,0,0,0,0,0,0 ETH
15 Feb 2023,+0.00296 ETH,32.00733 ETH,32.01028 ETH,0,0,0,0,0,0,0,0 ETH
14 Feb 2023,+0.00297 ETH,32.00436 ETH,32.00732 ETH,0,0,0,0,0,0,0,0 ETH
13 Feb 2023,+0.00296 ETH,32.00139 ETH,32.00434 ETH,0,0,0,0,0,0,0,0 ETH
12 Feb 2023,+0.00137 ETH,0 ETH,32.00137 ETH,1,0,0,0,0,0,2,+32 ETH